{
  "QD Score": {
    "x": [
      0,
      250,
      500,
      750,
      1000,
      1250,
      1500,
      1750,
      2000,
      2250,
      2500,
      2750,
      3000,
      3250,
      3500,
      3750,
      4000,
      4250,
      4500
    ],
    "y": [
      0.0,
      25913.76391806757,
      45078.14393641958,
      64858.620491848735,
      82662.86744534501,
      102223.41919788963,
      121669.8811955979,
      140187.17551958608,
      156842.68225726695,
      173693.86159757638,
      191157.10858040873,
      207779.57578117028,
      226883.6544349165,
      245139.22136328756,
      264014.5357119888,
      280904.60247028415,
      300775.64315586473,
      316724.9695276781,
      335773.99126312445
    ]
  },
  "Archive Coverage": {
    "x": [
      0,
      250,
      500,
      750,
      1000,
      1250,
      1500,
      1750,
      2000,
      2250,
      2500,
      2750,
      3000,
      3250,
      3500,
      3750,
      4000,
      4250,
      4500
    ],
    "y": [
      0.0,
      0.1,
      0.174,
      0.2504,
      0.3192,
      0.39480000000000004,
      0.47000000000000003,
      0.5416,
      0.606,
      0.6712,
      0.7388,
      0.8031999999999999,
      0.8772,
      0.9480000000000001,
      1.0212,
      1.0868,
      1.164,
      1.226,
      1.3
    ]
  }
}