{
  "QD Score": {
    "x": [
      0,
      250,
      500,
      750,
      1000,
      1250,
      1500,
      1750,
      2000,
      2250,
      2500,
      2750,
      3000,
      3250,
      3500,
      3750,
      4000,
      4250,
      4500
    ],
    "y": [
      0.0,
      48404.727926339474,
      91941.43876929561,
      130190.0969345179,
      166480.9327238432,
      202379.0774497459,
      233927.2817700649,
      265022.13613309583,
      293939.61221905466,
      323282.2444402197,
      352811.79794224695,
      378861.8418504894,
      406664.26037637115,
      434420.8315860875,
      458374.0263718823,
      481580.5623410815,
      505398.5698092008,
      524972.9972489392,
      546813.4107971068
    ]
  },
  "Archive Coverage": {
    "x": [
      0,
      250,
      500,
      750,
      1000,
      1250,
      1500,
      1750,
      2000,
      2250,
      2500,
      2750,
      3000,
      3250,
      3500,
      3750,
      4000,
      4250,
      4500
    ],
    "y": [
      0.0,
      0.1888,
      0.3592,
      0.5092,
      0.6516,
      0.7924,
      0.9159999999999999,
      1.038,
      1.1516,
      1.2668000000000001,
      1.3828,
      1.4852,
      1.5944,
      1.7036,
      1.7975999999999999,
      1.8887999999999998,
      1.9824000000000002,
      2.0591999999999997,
      2.1452
    ]
  }
}