{
  "QD Score": {
    "x": [
      0,
      250,
      500,
      750,
      1000,
      1250,
      1500,
      1750,
      2000,
      2250,
      2500,
      2750,
      3000,
      3250,
      3500,
      3750,
      4000,
      4250,
      4500
    ],
    "y": [
      0.0,
      42891.40538279214,
      78042.46750306024,
      104341.06597410332,
      126803.6705785437,
      138160.64461810916,
      150677.68831957178,
      131426.61146459295,
      127200.6753603955,
      119155.90365639562,
      146660.36554704912,
      168659.674579137,
      189915.98491512993,
      192793.40517447353,
      211639.96370465896,
      114470.0439629438,
      141772.3070304325,
      166037.89533154923,
      38343.584267253565
    ]
  },
  "Archive Coverage": {
    "x": [
      0,
      250,
      500,
      750,
      1000,
      1250,
      1500,
      1750,
      2000,
      2250,
      2500,
      2750,
      3000,
      3250,
      3500,
      3750,
      4000,
      4250,
      4500
    ],
    "y": [
      0.0,
      0.18760000000000002,
      0.3748,
      0.5496,
      0.74,
      0.9176,
      1.0976,
      1.2724,
      1.448,
      1.636,
      1.8096,
      1.9764,
      2.1232,
      2.2824,
      2.4568,
      2.632,
      2.802,
      2.9688,
      3.15
    ]
  }
}