{
  "QD Score": {
    "x": [
      0,
      250,
      500,
      750,
      1000,
      1250,
      1500,
      1750,
      2000,
      2250,
      2500,
      2750,
      3000,
      3250,
      3500,
      3750,
      4000,
      4250,
      4500
    ],
    "y": [
      0.0,
      34592.03694848012,
      39823.43934605385,
      39928.28222829619,
      39928.28292798563,
      39928.28295254422,
      39928.28295286053,
      57436.92130944858,
      79910.46096260959,
      82225.97999656532,
      82332.42694427594,
      82332.42711791849,
      82332.42713155421,
      82332.42713265742,
      82332.42713266499,
      108215.16261861095,
      116220.13436496205,
      119574.87057816004,
      119889.83848174047
    ]
  },
  "Archive Coverage": {
    "x": [
      0,
      250,
      500,
      750,
      1000,
      1250,
      1500,
      1750,
      2000,
      2250,
      2500,
      2750,
      3000,
      3250,
      3500,
      3750,
      4000,
      4250,
      4500
    ],
    "y": [
      0.0,
      0.1336,
      0.15360000000000001,
      0.154,
      0.154,
      0.154,
      0.154,
      0.22200000000000003,
      0.3088,
      0.3176,
      0.318,
      0.318,
      0.318,
      0.318,
      0.318,
      0.4188,
      0.4496,
      0.4624,
      0.4636
    ]
  }
}