{
  "QD Score": {
    "x": [
      0,
      250,
      500,
      750,
      1000,
      1250,
      1500,
      1750,
      2000,
      2250,
      2500,
      2750,
      3000,
      3250,
      3500,
      3750,
      4000,
      4250,
      4500
    ],
    "y": [
      0.0,
      43868.1859297844,
      80669.81848956636,
      41049.60437865625,
      23531.696187130925,
      57554.864820952374,
      99645.37495442008,
      70699.44025438979,
      40094.97045255985,
      40584.36294808002,
      57642.16159492054,
      92633.8719804204,
      102358.04497608484,
      101433.7987060206,
      77391.2817805581,
      84424.30660451441,
      98915.90599237631,
      -5493.497002198055,
      -180636.58758534203
    ]
  },
  "Archive Coverage": {
    "x": [
      0,
      250,
      500,
      750,
      1000,
      1250,
      1500,
      1750,
      2000,
      2250,
      2500,
      2750,
      3000,
      3250,
      3500,
      3750,
      4000,
      4250,
      4500
    ],
    "y": [
      0.0,
      0.178,
      0.3592,
      0.5416,
      0.72,
      0.8976,
      1.08,
      1.2636,
      1.4432,
      1.6176,
      1.7868,
      1.9692,
      2.1284,
      2.2976,
      2.4724,
      2.6412,
      2.7912,
      2.9604,
      3.1344
    ]
  }
}