{
  "QD Score": {
    "x": [
      0,
      250,
      500,
      750,
      1000,
      1250,
      1500,
      1750,
      2000,
      2250,
      2500,
      2750,
      3000,
      3250,
      3500,
      3750,
      4000,
      4250,
      4500
    ],
    "y": [
      0.0,
      47197.117069310705,
      93593.06088201824,
      139798.63628216975,
      184366.49503088102,
      227868.91177608218,
      266873.91336598824,
      311283.9915825843,
      352902.61425567605,
      393469.43078873045,
      438765.05333984655,
      476694.5329477228,
      514498.7532586488,
      553219.1801082022,
      593340.978547114,
      629923.8285785565,
      669443.9333879761,
      704971.8964512136,
      741994.5336638122
    ]
  },
  "Archive Coverage": {
    "x": [
      0,
      250,
      500,
      750,
      1000,
      1250,
      1500,
      1750,
      2000,
      2250,
      2500,
      2750,
      3000,
      3250,
      3500,
      3750,
      4000,
      4250,
      4500
    ],
    "y": [
      0.0,
      0.1924,
      0.3756,
      0.5571999999999999,
      0.7308,
      0.9011999999999999,
      1.0584,
      1.2371999999999999,
      1.402,
      1.5648,
      1.7424,
      1.8908,
      2.0431999999999997,
      2.1964,
      2.3576,
      2.5052000000000003,
      2.664,
      2.8112000000000004,
      2.9616
    ]
  }
}